"Timestamp","MachineID","MachineType","Shift","Load","Temperature","CycleTime"
2024-01-01 06:00:00,"M7","B","Morning",68.9999045831929,22.7,110.667960235396
2024-01-01 06:05:00,"M7","B","Morning",47.1245233393039,22.8,74.5389317053514
2024-01-01 06:10:00,"M3","A","Morning",92.2165968186055,20.5,325.740595376559
2024-01-01 06:15:00,"M6","B","Morning",56.245684293204,23.9,94.1485944978868
2024-01-01 06:20:00,"M3","A","Morning",70.9357820025225,20.9,125.251443950942
2024-01-01 06:25:00,"M2","A","Morning",32.0949557253223,21.9,71.1129069839879
2024-01-01 06:30:00,"M2","A","Morning",59.5952520104478,21.9,105.368299178349
2024-01-01 06:35:00,"M6","B","Morning",57.1428088124757,23.5,94.5057517310793
2024-01-01 06:40:00,"M3","A","Morning",61.9440714892443,20.9,107.665267624645
2024-01-01 06:45:00,"M5","B","Morning",61.6843673140539,21.8,103.791427090848
2024-01-01 06:50:00,"M4","A","Morning",60.1760941686245,20.2,99.434355085828
2024-01-01 06:55:00,"M6","B","Morning",62.1772029945763,24.1,108.378363860688
2024-01-01 07:00:00,"M6","B","Morning",57.9425584189644,21.7,96.8564319279764
2024-01-01 07:05:00,"M1","A","Morning",75.7224097739405,22,125.954430423345
2024-01-01 07:10:00,"M2","A","Morning",50.5979460285656,21.6,84.7553035972151
2024-01-01 07:15:00,"M3","A","Morning",75.0607855519021,19.9,133.277161296397
2024-01-01 07:20:00,"M8","B","Morning",79.8310484595307,21.8,152.45624972724
2024-01-01 07:25:00,"M5","B","Morning",73.6405001276952,21,117.745807864327
2024-01-01 07:30:00,"M3","A","Morning",41.577327221469,22.4,66.9289149260249
2024-01-01 07:35:00,"M3","A","Morning",82.7304870236283,22.1,716.061682967139
2024-01-01 07:40:00,"M1","A","Morning",73.553364134445,21.5,118.63974354739
2024-01-01 07:45:00,"M4","A","Morning",82.1088612989175,20.6,185.053838381602
2024-01-01 07:50:00,"M1","A","Morning",46.3905141687819,22.7,89.4344180976572
2024-01-01 07:55:00,"M1","A","Morning",75.2601730126983,23.4,130.360405151593
2024-01-01 08:00:00,"M5","B","Morning",47.1523934213466,22.2,67.1786907137814
2024-01-01 08:05:00,"M3","A","Morning",70.4364497176185,23.8,107.64055425426
2024-01-01 08:10:00,"M8","B","Morning",NA,21.1,43.3272096319852
2024-01-01 08:15:00,"M2","A","Morning",73.4249224781017,22.5,116.01825780764
2024-01-01 08:20:00,"M7","B","Morning",68.3654808013209,21.4,117.346190649747
2024-01-01 08:25:00,"M2","A","Morning",70.9345428785899,19.1,130.577284538122
2024-01-01 08:30:00,"M1","A","Morning",66.1487891766583,19.2,124.284041854134
2024-01-01 08:35:00,"M6","B","Morning",91.0014187211846,18.6,314.06351491159
2024-01-01 08:40:00,"M3","A","Morning",51.5864929062423,22.2,81.0439169353413
2024-01-01 08:45:00,"M4","A","Morning",76.4858463227095,19.6,115.261085359811
2024-01-01 08:50:00,"M6","B","Morning",NA,18.8,139.841603961704
2024-01-01 08:55:00,"M1","A","Morning",81.9872766941661,17.8,172.415595306293
2024-01-01 09:00:00,"M3","A","Morning",61.2287134015988,22.7,99.4795670440818
2024-01-01 09:05:00,"M7","B","Morning",38.3956358607325,21.9,67.0938017386142
2024-01-01 09:10:00,"M5","B","Morning",72.7758225389882,23,136.22317368987
2024-01-01 09:15:00,"M4","A","Morning",135,21.3,1853.71744109137
2024-01-01 09:20:00,"M7","B","Morning",57.3814363833624,23.8,89.2845476021633
2024-01-01 09:25:00,"M8","B","Morning",44.9624156766376,18.3,79.3216196309868
2024-01-01 09:30:00,"M2","A","Morning",79.5933947460972,21.7,160.178882749251
2024-01-01 09:35:00,"M5","B","Morning",33.5405462225213,21.4,62.5302308795591
2024-01-01 09:40:00,"M7","B","Morning",65.9551585891061,22.7,107.524190542518
2024-01-01 09:45:00,"M1","A","Morning",59.1356569494454,22.8,99.1911346287078
2024-01-01 09:50:00,"M1","A","Morning",52.8381623811172,18.6,90.7725540061925
2024-01-01 09:55:00,"M2","A","Morning",57.784288081494,24.2,90.2487914827842
2024-01-01 10:00:00,"M7","B","Morning",77.8530873259227,21.3,124.78599941615
2024-01-01 10:05:00,"M3","A","Morning",55.055467671198,23.5,86.3383866027161
2024-01-01 10:10:00,"M4","A","Morning",75.9281523516326,22.3,137.170010850976
2024-01-01 10:15:00,"M5","B","Morning",69.1453998806728,21,124.635361785644
2024-01-01 10:20:00,"M7","B","Morning",60.4208848163615,18.6,116.594980767002
2024-01-01 10:25:00,"M5","B","Morning",70.9004185281022,NA,123.744924846534
2024-01-01 10:30:00,"M3","A","Morning",76.0976408220049,21.3,130.864418516461
2024-01-01 10:35:00,"M8","B","Morning",0.916297118429597,24.5,63.3647436962641
2024-01-01 10:40:00,"M6","B","Morning",68.0358092154511,24,114.887796546724
2024-01-01 10:45:00,"M1","A","Morning",45.2806440246616,23.8,81.4718192579556
2024-01-01 10:50:00,"M2","A","Morning",64.8655050157391,24,98.5803573139578
2024-01-01 10:55:00,"M5","B","Morning",43.9199373014098,24.4,84.0781779754548
2024-01-01 11:00:00,"M5","B","Morning",57.7034623462047,22.2,93.0246920531426
2024-01-01 11:05:00,"M8","B","Morning",NA,23,64.4705634008584
2024-01-01 11:10:00,"M4","A","Morning",58.5342679616856,22.9,89.6647637298285
2024-01-01 11:15:00,"M7","B","Morning",44.0061362969224,20.5,68.0466083871468
2024-01-01 11:20:00,"M5","B","Morning",60.4267228645908,22.8,100.709567734801
2024-01-01 11:25:00,"M2","A","Morning",48.8754413486159,20.6,92.3239992304619
2024-01-01 11:30:00,"M1","A","Morning",61.480717743233,22.8,112.975044586087
2024-01-01 11:35:00,"M1","A","Morning",86.396988022182,21.4,232.494511037704
2024-01-01 11:40:00,"M3","A","Morning",55.6590339992051,22.3,89.1514177138071
2024-01-01 11:45:00,"M1","A","Morning",71.5679505963104,27.7,115.406812826082
2024-01-01 11:50:00,"M6","B","Morning",63.3900981011284,23,109.259045619224
2024-01-01 11:55:00,"M5","B","Morning",55.4781235369273,22.4,88.3565632616791
2024-01-01 12:00:00,"M7","B","Morning",38.6922506146325,24,78.8765478360254
2024-01-01 12:05:00,"M1","A","Morning",55.9865415069637,19.4,83.1076721826003
2024-01-01 12:10:00,"M7","B","Morning",36.8562473542114,20.9,68.8795970135146
2024-01-01 12:15:00,"M2","A","Morning",63.3127688952726,24.3,111.721684462401
2024-01-01 12:20:00,"M4","A","Morning",89.3011766672268,21.7,277.520429652111
2024-01-01 12:25:00,"M7","B","Morning",49.9975221782997,23.4,82.8765474584794
2024-01-01 12:30:00,"M8","B","Morning",50.076127619023,22.9,86.4800170505946
2024-01-01 12:35:00,"M4","A","Morning",80.3516596689681,18.1,168.281144257825
2024-01-01 12:40:00,"M6","B","Morning",NA,22.9,81.3040077171254
2024-01-01 12:45:00,"M6","B","Morning",52.4617235668227,21.7,80.3940908659219
2024-01-01 12:50:00,"M3","A","Morning",68.4507566853646,23.8,105.328764950678
2024-01-01 12:55:00,"M8","B","Morning",64.4343260868416,17.7,100.479413213769
2024-01-01 13:00:00,"M6","B","Morning",61.1095467438125,22,96.0391481270617
2024-01-01 13:05:00,"M6","B","Morning",75.7985340583617,22.2,123.445136721918
2024-01-01 13:10:00,"M7","B","Morning",79.8135239023944,20.8,160.22638382942
2024-01-01 13:15:00,"M7","B","Morning",57.4874146138171,23.4,92.9182049790174
2024-01-01 13:20:00,"M8","B","Morning",77.6564130566535,24,142.768569910175
2024-01-01 13:25:00,"M1","A","Morning",65.8621402150971,18.3,114.398028273056
2024-01-01 13:30:00,"M6","B","Morning",-5,22.7,47.7958870530756
2024-01-01 13:35:00,"M2","A","Morning",42.0354769166077,22.8,81.4731115159937
2024-01-01 13:40:00,"M1","A","Morning",89.3261208855797,23.7,275.853703759621
2024-01-01 13:45:00,"M2","A","Morning",70.8748765271852,21.4,121.363891532564
2024-01-01 13:50:00,"M4","A","Morning",73.5336341848851,23.5,114.261499661836
2024-01-01 13:55:00,"M5","B","Morning",67.7910513375038,22.3,132.899991628052
2024-01-01 14:00:00,"M5","B","Evening",86.9946569127831,21.8,242.48390097427
2024-01-01 14:05:00,"M6","B","Evening",41.4572026810908,NA,65.2962372671971
2024-01-01 14:10:00,"M7","B","Evening",13.8337367149021,24.5,48.3113000244387
2024-01-01 14:15:00,"M3","A","Evening",66.7312602108328,25.1,113.404780342194
2024-01-01 14:20:00,"M1","A","Evening",64.3289634562481,21.7,118.576876974902
2024-01-01 14:25:00,"M4","A","Evening",NA,23.3,241.08806105968
2024-01-01 14:30:00,"M6","B","Evening",54.8899498263344,22.9,96.7069977560879
2024-01-01 14:35:00,"M1","A","Evening",61.8778240780213,18.9,102.670256525233
2024-01-01 14:40:00,"M8","B","Evening",57.0862172262106,24.5,104.659477380036
2024-01-01 14:45:00,"M6","B","Evening",27.0712304305069,20,57.9706868554599
2024-01-01 14:50:00,"M1","A","Evening",81.8340320633876,23.9,172.366396856304
2024-01-01 14:55:00,"M7","B","Evening",47.0274379919951,28.7,85.5687564933787
2024-01-01 15:00:00,"M3","A","Evening",81.1903601748829,22.7,152.311233343557
2024-01-01 15:05:00,"M8","B","Evening",44.5899690137947,20.1,84.1829863595715
2024-01-01 15:10:00,"M8","B","Evening",40.6115367465242,NA,77.8640825239711
2024-01-01 15:15:00,"M6","B","Evening",61.314402184218,21.8,92.2183890191406
2024-01-01 15:20:00,"M4","A","Evening",69.8648983994241,23.9,117.700067866191
2024-01-01 15:25:00,"M7","B","Evening",46.2836957502954,20,76.2858257924785
2024-01-01 15:30:00,"M1","A","Evening",76.782939987376,22.3,135.34506876033
2024-01-01 15:35:00,"M6","B","Evening",63.9561962295388,21.6,110.494519291285
2024-01-01 15:40:00,"M6","B","Evening",53.5605686147373,22.6,79.5223108750993
2024-01-01 15:45:00,"M8","B","Evening",40.795962887454,22.8,64.2814623445952
2024-01-01 15:50:00,"M3","A","Evening",64.9150197733841,24.6,107.99093443762
2024-01-01 15:55:00,"M6","B","Evening",NA,22.6,82.6478494043383
2024-01-01 16:00:00,"M5","B","Evening",56.6070455710021,24.1,101.994814442153
2024-01-01 16:05:00,"M8","B","Evening",46.5130307695048,21.1,69.4425652045467
2024-01-01 16:10:00,"M7","B","Evening",28.0593481019506,21.9,66.2257932259371
2024-01-01 16:15:00,"M3","A","Evening",89.964853585089,25.6,293.484388746755
2024-01-01 16:20:00,"M7","B","Evening",44.39895977699,24.6,69.7594446215668
2024-01-01 16:25:00,"M6","B","Evening",53.811377853942,22.9,90.9605490434636
2024-01-01 16:30:00,"M2","A","Evening",64.7228690546098,22,106.151746100599
2024-01-01 16:35:00,"M7","B","Evening",34.8168162684714,21.8,62.4312787720222
2024-01-01 16:40:00,"M5","B","Evening",56.8040841321761,22.2,102.272891622574
2024-01-01 16:45:00,"M5","B","Evening",57.8620228890832,20.4,90.3013617582594
2024-01-01 16:50:00,"M8","B","Evening",47.8571459737196,23.4,78.7394394320139
2024-01-01 16:55:00,"M3","A","Evening",97.9955247653826,24.8,446.395177226293
2024-01-01 17:00:00,"M2","A","Evening",53.6829869428859,20.7,86.0242646047211
2024-01-01 17:05:00,"M2","A","Evening",61.9052353083353,21.4,101.743362550888
2024-01-01 17:10:00,"M2","A","Evening",71.0412587112906,21.8,127.892774698115
2024-01-01 17:15:00,"M4","A","Evening",81.6562186927327,23,164.215507472726
2024-01-01 17:20:00,"M2","A","Evening",63.6462513697642,23.7,107.023414116619
2024-01-01 17:25:00,"M2","A","Evening",61.0669636440024,22.1,88.7514620068839
2024-01-01 17:30:00,"M6","B","Evening",42.8652234738478,23.1,68.8052532014899
2024-01-01 17:35:00,"M7","B","Evening",57.7348919591873,22.4,85.6865320993178
2024-01-01 17:40:00,"M4","A","Evening",77.6983899718747,24,142.743026282688
2024-01-01 17:45:00,"M4","A","Evening",68.0643582098166,23.7,115.886239478532
2024-01-01 17:50:00,"M6","B","Evening",15.3884666154571,27.6,36.1327158804751
2024-01-01 17:55:00,"M1","A","Evening",56.6289175342044,25.5,94.7055235046847
2024-01-01 18:00:00,"M6","B","Evening",44.7263981100235,28,71.5500914678267
2024-01-01 18:05:00,"M6","B","Evening",40.9348358818803,21,81.5010399595741
2024-01-01 18:10:00,"M6","B","Evening",40.2030874318934,24.2,74.11184020062
2024-01-01 18:15:00,"M3","A","Evening",56.0418417101743,20.6,92.9716490334882
2024-01-01 18:20:00,"M8","B","Evening",77.0931055912798,24.6,144.595139043721
2024-01-01 18:25:00,"M6","B","Evening",65.807756850188,23.3,112.159709267879
2024-01-01 18:30:00,"M3","A","Evening",71.8314597162661,26.3,107.604013901895
2024-01-01 18:35:00,"M6","B","Evening",NA,20.9,64.9177693423249
2024-01-01 18:40:00,"M7","B","Evening",63.6813137036923,24.2,100.72204167472
2024-01-01 18:45:00,"M8","B","Evening",35.7523189360235,21,86.3154886774187
2024-01-01 18:50:00,"M1","A","Evening",70.2170497622381,23.4,123.144400422847
2024-01-01 18:55:00,"M7","B","Evening",70.8894330136811,20.9,125.338019160945
2024-01-01 19:00:00,"M3","A","Evening",89.8214512574812,20.4,285.647457916598
2024-01-01 19:05:00,"M7","B","Evening",67.1500396254043,25,117.391524577374
2024-01-01 19:10:00,"M5","B","Evening",135,25.4,1874.65755452062
2024-01-01 19:15:00,"M7","B","Evening",92.2414164701508,21.7,321.830901200576
2024-01-01 19:20:00,"M7","B","Evening",48.5550329757624,19.1,89.6119810458859
2024-01-01 19:25:00,"M2","A","Evening",NA,22.7,84.1120853841651
2024-01-01 19:30:00,"M6","B","Evening",78.5669179670197,18.8,137.590953592991
2024-01-01 19:35:00,"M6","B","Evening",70.387619584561,23.7,107.349427051055
2024-01-01 19:40:00,"M7","B","Evening",60.9674154009446,22,102.86823477946
2024-01-01 19:45:00,"M8","B","Evening",55.1440662564532,23.2,92.7201901739883
2024-01-01 19:50:00,"M7","B","Evening",44.4261317842279,24,77.3714106016727
2024-01-01 19:55:00,"M3","A","Evening",62.5471204243065,20.6,108.894014938208
2024-01-01 20:00:00,"M2","A","Evening",86.4921134238785,20.3,233.60264404078
2024-01-01 20:05:00,"M5","B","Evening",30.00746736448,23.3,57.9309646335997
2024-01-01 20:10:00,"M6","B","Evening",66.2286180454295,21.6,106.206367212881
2024-01-01 20:15:00,"M8","B","Evening",62.4124915856072,22,118.135803592067
2024-01-01 20:20:00,"M8","B","Evening",51.4525535287529,23.5,76.3035768028916
2024-01-01 20:25:00,"M8","B","Evening",72.1557300967044,24.3,118.184315172542
2024-01-01 20:30:00,"M5","B","Evening",46.5349280269016,20.8,74.3624475071952
2024-01-01 20:35:00,"M7","B","Evening",53.2100261256265,23.4,100.900398786845
2024-01-01 20:40:00,"M3","A","Evening",81.133462854572,24.2,174.818971543104
2024-01-01 20:45:00,"M4","A","Evening",57.3101604388856,23.7,99.6252538641896
2024-01-01 20:50:00,"M4","A","Evening",64.8869504416266,28.2,110.710402459681
2024-01-01 20:55:00,"M6","B","Evening",54.1588814096518,25,85.7027783365483
2024-01-01 21:00:00,"M4","A","Evening",58.5329020465114,24,99.1527106688259
2024-01-01 21:05:00,"M5","B","Evening",32.2175839934726,23.4,56.5797466108057
2024-01-01 21:10:00,"M3","A","Evening",68.8839045183609,22.1,127.889680072847
2024-01-01 21:15:00,"M1","A","Evening",86.9227282922592,21.6,239.631681779264
2024-01-01 21:20:00,"M7","B","Evening",71.3776551724178,22.9,115.487218667243
2024-01-01 21:25:00,"M6","B","Evening",60.7999376035947,19.9,93.6341054850312
2024-01-01 21:30:00,"M2","A","Evening",52.2164366881842,23.6,78.105500711545
2024-01-01 21:35:00,"M1","A","Evening",66.2085159121737,22.9,105.55747622046
2024-01-01 21:40:00,"M7","B","Evening",40.911115221251,27,60.4754784314526
2024-01-01 21:45:00,"M2","A","Evening",65.9290923883228,19.6,103.574337072863
2024-01-01 21:50:00,"M8","B","Evening",66.811332757933,22.6,125.53060269914
2024-01-01 21:55:00,"M5","B","Evening",48.3825146744648,23.4,81.4752289673359
2024-01-01 22:00:00,"M3","A","Night",53.7142458790847,20.2,97.1674989364232
2024-01-01 22:05:00,"M8","B","Night",39.4595284326583,23.7,85.0776640267611
2024-01-01 22:10:00,"M4","A","Night",86.616743746452,23.8,209.116382069863
2024-01-01 22:15:00,"M7","B","Night",35.8410986402599,19.8,52.0835967983449
2024-01-01 22:20:00,"M7","B","Nigt",34.2135443026569,25.8,55.2457229189314
2024-01-01 22:25:00,"M4","A","Night",66.4997889763858,18.7,110.17587418122
2024-01-01 22:30:00,"M1","A","Night",51.1575365976389,21,85.4863687764119
2024-01-01 22:35:00,"M8","B","Night",81.1842666083734,19.6,162.925860219768
2024-01-01 22:40:00,"M6","B","Night",64.1005173818774,20,107.311060879844
2024-01-01 22:45:00,"M6","B","Night",67.3313196505787,20.5,112.433389977364
2024-01-01 22:50:00,"M4","A","Night",52.9279414494286,22.8,100.817129079836
2024-01-01 22:55:00,"M1","A","Night",48.1137066680124,24.7,75.752973698885
2024-01-01 23:00:00,"M8","B","Night",63.0343254575299,21.2,106.617277009634
2024-01-01 23:05:00,"M8","B","Night",38.9204070282941,20.8,82.9840380670358
2024-01-01 23:10:00,"M6","B","Night",41.3500495332641,20.1,57.9190397431628
2024-01-01 23:15:00,"M3","A","Night",79.9407759399145,NA,159.892508390164
2024-01-01 23:20:00,"M8","B","Night",52.729820167638,22.6,83.4580946797797
2024-01-01 23:25:00,"M4","A","Night",34.024159908523,18.6,60.3146052406747
2024-01-01 23:30:00,"M8","B","Night",63.4172460984927,22.7,110.463521521038
2024-01-01 23:35:00,"M3","A","Nigt",NA,23.1,473.691922374388
2024-01-01 23:40:00,"M5","B","Night",17.0846082928345,22.7,51.2905111094055
2024-01-01 23:45:00,"M4","A","Nigt",NA,22.4,94.1154116987952
2024-01-01 23:50:00,"M4","A","Night",77.880437685402,NA,145.966115476489
2024-01-01 23:55:00,"M4","A","Night",73.7075780117193,20.3,123.08532467252
2024-01-02,"M6","B","Night",46.3246808290678,23.6,78.3918032336014
2024-01-02 00:05:00,"M1","A","Nigt",37.2480289374182,25.9,67.5317496213393
2024-01-02 00:10:00,"M2","A","Night",55.4466051449671,NA,103.425401442062
2024-01-02 00:15:00,"M3","A","Night",46.3633306896841,20.5,85.4246043632383
2024-01-02 00:20:00,"M4","A","Night",32.2400512087404,22,62.6272478003326
2024-01-02 00:25:00,"M3","A","Night",52.2908773534263,21.5,87.9402329225208
2024-01-02 00:30:00,"M1","A","Night",46.9716543994351,22,77.322428687784
2024-01-02 00:35:00,"M7","B","Night",55.8043559667857,19.1,92.5563861852092
2024-01-02 00:40:00,"M8","B","Night",38.3743425004523,19.6,71.9167466748992
2024-01-02 00:45:00,"M6","B","Night",14.5674382565156,23.3,46.6917820870652
2024-01-02 00:50:00,"M5","B","Night",60.3380548336356,17.8,98.0165422720094
2024-01-02 00:55:00,"M5","B","Night",43.4003568858327,23.4,77.5987609773613
2024-01-02 01:00:00,"M2","A","Night",73.457773010504,21.4,125.004336853875
2024-01-02 01:05:00,"M3","A","Night",59.4014586139506,21.4,101.879732238698
2024-01-02 01:10:00,"M5","B","Night",56.7077863993263,19.5,94.4969751615952
2024-01-02 01:15:00,"M6","B","Night",66.3513663648387,21.1,106.366828162757
2024-01-02 01:20:00,"M6","B","Night",48.2170188609674,21.2,85.8258749235938
2024-01-02 01:25:00,"M1","A","Night",45.5006600930209,21.4,74.3470856308368
2024-01-02 01:30:00,"M8","B","Night",82.0294251833804,22.4,165.975517480087
2024-01-02 01:35:00,"M4","A","Night",62.2497968864777,22.9,100.387593759924
2024-01-02 01:40:00,"M8","B","Night",72.5047705622086,19,121.723556003739
2024-01-02 01:45:00,"M2","A","Night",49.8481245378132,23.5,88.793561911896
2024-01-02 01:50:00,"M4","A","Night",68.2821466449884,20.2,120.524630107665
2024-01-02 01:55:00,"M5","B","Night",52.4230843074436,22,94.2785853856501
2024-01-02 02:00:00,"M5","B","Night",44.8990776218527,21.1,64.8913845294754
2024-01-02 02:05:00,"M6","B","Night",65.2637915362791,19.5,91.2785457794018
2024-01-02 02:10:00,"M5","B","Night",75.6689745968936,21.6,128.232548772599
2024-01-02 02:15:00,"M8","B","Night",NA,23.6,104.25904416419
2024-01-02 02:20:00,"M7","B","Night",NA,19,48.7281725938639
2024-01-02 02:25:00,"M5","B","Night",64.2640524851017,21.4,126.471640893257
2024-01-02 02:30:00,"M1","A","Night",NA,24.2,179.94379618403
2024-01-02 02:35:00,"M8","B","Night",62.2190416063537,20.1,110.884913672727
2024-01-02 02:40:00,"M8","B","Night",28.3939498137258,17.6,55.7190878108584
2024-01-02 02:45:00,"M2","A","Night",28.9443293171657,21.2,74.4532948997684
2024-01-02 02:50:00,"M1","A","Night",48.5508359198476,19.7,81.4242633108743
2024-01-02 02:55:00,"M8","B","Night",96.3240950516807,22.3,412.101814564238
2024-01-02 03:00:00,"M2","A","Night",70.748485799919,22.6,125.02044629607
2024-01-02 03:05:00,"M5","B","Night",48.7512696960768,22.2,86.8718462543872
2024-01-02 03:10:00,"M5","B","Night",57.237725223545,NA,104.220416729456
2024-01-02 03:15:00,"M1","A","Night",42.8599908533888,18.4,72.2727680355118
2024-01-02 03:20:00,"M7","B","Nigt",71.3160724844805,22.3,113.672883660278
2024-01-02 03:25:00,"M7","B","Night",59.0372140342404,18.9,121.57488450333
2024-01-02 03:30:00,"M2","A","Night",94.4505281158344,19.3,373.927131163891
2024-01-02 03:35:00,"M5","B","Night",44.5568795486157,21.7,79.5466618882723
2024-01-02 03:40:00,"M4","A","Night",58.7110435580852,19.4,96.411393110177
2024-01-02 03:45:00,"M2","A","Night",65.7492980264977,22.1,105.90175296414
2024-01-02 03:50:00,"M8","B","Night",64.3621540907446,22.6,105.063570308951
2024-01-02 03:55:00,"M7","B","Night",89.3089253432016,21.9,274.331019817981
2024-01-02 04:00:00,"M6","B","Night",23.8799472338033,22.7,36.3769864546254
2024-01-02 04:05:00,"M7","B","Nigt",35.1577418757322,20,61.9098960902403
2024-01-02 04:10:00,"M2","A","Night",45.0615953483567,23.4,76.9008242273811
2024-01-02 04:15:00,"M3","A","Night",61.6368872185202,NA,87.1763285559617
2024-01-02 04:20:00,"M1","A","Night",54.500724254289,24,80.6655326225428
2024-01-02 04:25:00,"M1","A","Night",74.273048851071,21.4,111.287726893122
2024-01-02 04:30:00,"M5","B","Night",63.7601929139834,20.6,101.198760418447
2024-01-02 04:35:00,"M5","B","Night",46.8600877129915,18.3,78.6122462734564
2024-01-02 04:40:00,"M3","A","Night",71.0102196204082,20.8,103.757123957071
2024-01-02 04:45:00,"M2","A","Night",56.739488056554,22,95.8135387103023
2024-01-02 04:50:00,"M5","B","Night",53.317307977427,23.3,97.5195749326953
2024-01-02 04:55:00,"M6","B","Night",69.2991914492315,17.9,124.420861164561
2024-01-02 05:00:00,"M5","B","Night",52.9290823852911,22.1,82.4677141738032
2024-01-02 05:05:00,"M3","A","Night",66.2040365627265,19.2,108.121841559259
2024-01-02 05:10:00,"M3","A","Night",67.5889878183428,23.3,115.218899474514
2024-01-02 05:15:00,"M1","A","Night",86.2743729712492,22.4,203.781938296668
2024-01-02 05:20:00,"M4","A","Night",57.5748501871337,18.7,95.2189136772833
2024-01-02 05:25:00,"M2","A","Night",72.2660540838605,21.4,119.212530291613
2024-01-02 05:30:00,"M7","B","Nigt",64.2754105162556,23,110.53112224141
2024-01-02 05:35:00,"M1","A","Night",62.5315271031408,20.6,95.839980320052
2024-01-02 05:40:00,"M7","B","Night",62.3314279643369,22.2,82.8952004317912
2024-01-02 05:45:00,"M2","A","Night",49.6158866606448,20.5,83.0204950990932
2024-01-02 05:50:00,"M8","B","Night",52.1222231125468,21.4,89.2902762623291
2024-01-02 05:55:00,"M4","A","Night",58.495632213603,21.1,95.6702885406016
2024-01-02 06:00:00,"M5","B","Morning",31.141400575313,19.8,59.6610667698914
2024-01-02 06:05:00,"M8","B","Morning",62.5835614837235,NA,84.7897189194754
2024-01-02 06:10:00,"M1","A","Morning",55.897670166156,23.8,97.6136071540541
2024-01-02 06:15:00,"M1","A","Morning",68.5963742625773,19.5,101.56567685773
2024-01-02 06:20:00,"M1","A","Morning",74.4391289357662,21.5,139.553156711036
2024-01-02 06:25:00,"M5","B","Morning",44.8877454230304,25.1,79.3861517811999
2024-01-02 06:30:00,"M7","B","Morning",36.0166169075669,21.1,65.5275001274102
2024-01-02 06:35:00,"M6","B","Morning",55.5179770181433,22.2,94.0954883827487
2024-01-02 06:40:00,"M6","B","Morning",73.9469784117836,21.8,132.996570481381
2024-01-02 06:45:00,"M6","B","Morning",64.6760477381007,24.6,107.724413885066
2024-01-02 06:50:00,"M3","A","Morning",85.2871890698177,21.9,228.172522554262
2024-01-02 06:55:00,"M1","A","Morning",78.011827032195,22.1,144.267436171632
2024-01-02 07:00:00,"M2","A","Morning",65.2250652565512,24.9,110.683027393882
2024-01-02 07:05:00,"M2","A","Morning",56.5062935603115,20.1,97.6453147983995
2024-01-02 07:10:00,"M1","A","Morning",135,22,7459.49077658706
2024-01-02 07:15:00,"M2","A","Morning",64.0882302195122,23.1,109.117862899517
2024-01-02 07:20:00,"M1","A","Morning",75.2346405412809,NA,131.157198925393
2024-01-02 07:25:00,"M5","B","Morning",27.9094905801254,22.7,71.5921114873305
2024-01-02 07:30:00,"M2","A","Morning",50.6345060678326,20.6,85.0195263034298
2024-01-02 07:35:00,"M3","A","Morning",74.782280774753,22.1,136.325105353487
2024-01-02 07:40:00,"M5","B","Morning",56.3149153703937,21.7,83.9615521994542
2024-01-02 07:45:00,"M7","B","Morning",51.300965775149,21.5,76.523942169117
2024-01-02 07:50:00,"M4","A","Morning",75.172464999648,24.3,126.986090251851
2024-01-02 07:55:00,"M5","B","Morning",42.3257592020315,21.2,90.3219587740167
2024-01-02 08:00:00,"M2","A","Morning",51.1411484509718,22.1,77.7596954833417
2024-01-02 08:05:00,"M1","A","Morning",52.6044524992727,21.9,90.5589212246329
2024-01-02 08:10:00,"M4","A","Morning",81.0547360594805,19.9,171.458032782309
2024-01-02 08:15:00,"M6","B","Morning",58.903157680265,21.9,101.810600021314
2024-01-02 08:20:00,"M2","A","Morning",135,27.1,1857.65389597938
2024-01-02 08:25:00,"M6","B","Morning",69.7655622506433,21.5,116.585775103223
2024-01-02 08:30:00,"M7","B","Morning",44.6350140790479,23.8,77.1299683946122
2024-01-02 08:35:00,"M5","B","Morning",52.2992481518051,NA,95.7298395774047
2024-01-02 08:40:00,"M1","A","Morning",68.8396101264561,21.1,108.011281384554
2024-01-02 08:45:00,"M8","B","Morning",66.2636606578531,20.6,120.025006505498
2024-01-02 08:50:00,"M5","B","Morning",65.8830487893733,23.5,107.000324244295
2024-01-02 08:55:00,"M1","A","Morning",81.3364596201153,20.7,163.461630090824
2024-01-02 09:00:00,"M4","A","Morning",66.3089219845434,21.8,108.25848947168
2024-01-02 09:05:00,"M3","A","Morning",NA,19.6,101.729868929352
2024-01-02 09:10:00,"M1","A","Morning",46.3333479989159,23.1,82.2648989366809
2024-01-02 09:15:00,"M6","B","Morning",47.1919271946732,24.8,86.9387093575083
2024-01-02 09:20:00,"M1","A","Morning",49.9539137268999,23,79.1806640873284
2024-01-02 09:25:00,"M2","A","Morning",NA,19.9,118.204586716609
2024-01-02 09:30:00,"M4","A","Morning",73.591263579766,21.8,135.133779174322
2024-01-02 09:35:00,"M2","A","Morning",60.1148099714404,25.6,103.232047346838
2024-01-02 09:40:00,"M1","A","Morning",50.535335383042,22.9,67.9676812285954
2024-01-02 09:45:00,"M5","B","Morning",47.786562115786,20.4,74.8114072775506
2024-01-02 09:50:00,"M5","B","Morning",30.8617249754752,22.9,58.2211107001801
2024-01-02 09:55:00,"M1","A","Morning",135,23.6,1861.53698134723
2024-01-02 10:00:00,"M8","B","Morning",44.8351682278579,NA,92.6242109659644
2024-01-02 10:05:00,"M7","B","Morning",72.7987578648134,23.2,136.231871600941
2024-01-02 10:10:00,"M1","A","Morning",49.2027556343711,18.8,82.0485961970953
2024-01-02 10:15:00,"M5","B","Morning",81.7868207703076,19.7,169.925790186351
2024-01-02 10:20:00,"M5","B","Morning",92.6658823884347,21,354.955895230377
2024-01-02 10:25:00,"M2","A","Morning",70.0869241884905,23.7,118.476144798382
2024-01-02 10:30:00,"M2","A","Morning",49.2778521496739,22.3,84.6239671042062
2024-01-02 10:35:00,"M7","B","Morning",61.2510727099122,19.6,96.5088358791993
2024-01-02 10:40:00,"M6","B","Morning",NA,21.7,116.053273830706
2024-01-02 10:45:00,"M7","B","Morning",29.3561490081384,25.5,62.0241309870346
2024-01-02 10:50:00,"M5","B","Morning",26.0718331795826,21.2,33.7398625296689
2024-01-02 10:55:00,"M1","A","Morning",63.7853709253872,24.2,115.141383346586
2024-01-02 11:00:00,"M8","B","Morning",36.0663472663458,20.2,67.1350268320522
2024-01-02 11:05:00,"M1","A","Morning",61.4088626760612,22,89.6043109548255
2024-01-02 11:10:00,"M5","B","Morning",59.764174181962,22.8,95.140617252514
2024-01-02 11:15:00,"M5","B","Morning",18.9047154943236,24.3,57.4967164231504
2024-01-02 11:20:00,"M4","A","Morning",75.9313579744432,NA,123.089562622084
2024-01-02 11:25:00,"M7","B","Morning",47.459297701231,19.4,94.6307997777898
2024-01-02 11:30:00,"M5","B","Morning",72.5643694372772,24.3,112.804295900572
2024-01-02 11:35:00,"M8","B","Morning",55.2976120781746,21.6,84.2757233897687
2024-01-02 11:40:00,"M5","B","Morning",50.260112469181,18.6,88.4160160297964
2024-01-02 11:45:00,"M7","B","Morning",40.5958661655908,26.2,73.3864464869598
2024-01-02 11:50:00,"M7","B","Morning",47.9688637041825,22.5,84.0754221392568
2024-01-02 11:55:00,"M4","A","Morning",82.8616014138362,21.3,169.812612022466
2024-01-02 12:00:00,"M2","A","Morning",61.0350946679423,21.8,94.6009869021326
2024-01-02 12:05:00,"M5","B","Morning",63.7966523243797,20.2,105.511059971716
2024-01-02 12:10:00,"M1","A","Morning",51.1642321598951,22.5,91.4637287630517
2024-01-02 12:15:00,"M1","A","Morning",89.9557102780544,21.1,276.044908232373
2024-01-02 12:20:00,"M2","A","Morning",82.7648696367258,20.1,178.436937013335
2024-01-02 12:25:00,"M1","A","Morning",79.5696891148565,21.5,141.934758370724
2024-01-02 12:30:00,"M2","A","Morning",71.882009981848,24.5,120.831337978512
2024-01-02 12:35:00,"M5","B","Morning",42.1616681645327,21.4,69.2476347236503
2024-01-02 12:40:00,"M8","B","Morning",26.6761351859113,24.3,55.6693086626327
2024-01-02 12:45:00,"M1","A","Morning",70.1499051817411,20.5,116.104740019424
2024-01-02 12:50:00,"M7","B","Morning",35.5265684804886,20.7,68.3520635119834
2024-01-02 12:55:00,"M3","A","Morning",77.7897447468541,19.1,136.595542871236
2024-01-02 13:00:00,"M2","A","Morning",53.5617993228935,22.1,86.1730454978413
2024-01-02 13:05:00,"M2","A","Morning",55.4223286657423,20.6,96.6320836267127
2024-01-02 13:10:00,"M5","B","Morning",38.8215314759982,21.7,59.4091953203405
2024-01-02 13:15:00,"M7","B","Morning",44.4190939142535,22.7,69.8829626378233
2024-01-02 13:20:00,"M4","A","Morning",51.7863935261438,21.1,83.2463365573119
2024-01-02 13:25:00,"M1","A","Morning",49.6025711877652,19.9,62.3169056264943
2024-01-02 13:30:00,"M5","B","Morning",42.3157417751011,24.3,80.5975544778797
2024-01-02 13:35:00,"M2","A","Morning",52.6155532871622,20.1,92.0661541140721
2024-01-02 13:40:00,"M5","B","Morning",59.5565498673956,22.6,82.7385344758095
2024-01-02 13:45:00,"M6","B","Morning",38.8376721984676,22.3,65.5783969989175
2024-01-02 13:50:00,"M2","A","Morning",NA,22,138.299367769838
2024-01-02 13:55:00,"M2","A","Morning",70.4142608389544,25.4,123.985827637036
2024-01-02 14:00:00,"M6","B","Evening",81.1847570815052,20.2,151.132438074596
2024-01-02 14:05:00,"M4","A","Evening",77.3680410549084,24.7,130.200176949602
2024-01-02 14:10:00,"M8","B","Evening",48.5243828269638,24.4,85.4192684413524
2024-01-02 14:15:00,"M8","B","Evening",NA,23.7,113.990552793613
2024-01-02 14:20:00,"M8","B","Evening",35.4994358849915,24.5,74.0986473333248
2024-01-02 14:25:00,"M3","A","Evening",85.1777349659699,21.4,208.102363119688
2024-01-02 14:30:00,"M4","A","Evening",61.5018682885168,22.7,91.4159213214276
2024-01-02 14:35:00,"M3","A","Evening",77.3816090754084,19.9,125.970450832253
2024-01-02 14:40:00,"M3","A","Evening",77.9667468605383,21.4,150.314823478472
2024-01-02 14:45:00,"M3","A","Evening",84.0404925265649,21.7,201.120200141108
2024-01-02 14:50:00,"M5","B","Evening",82.2219193989539,23,168.549561549018
2024-01-02 14:55:00,"M7","B","Evening",53.3890274502398,22.1,93.6181508242326
2024-01-02 15:00:00,"M3","A","Evening",67.9782703631127,24.8,107.357844119622
2024-01-02 15:05:00,"M7","B","Evening",37.7225146668876,24,77.2821822096135
2024-01-02 15:10:00,"M8","B","Evening",40.7819285505366,24.3,69.1721817832305
2024-01-02 15:15:00,"M2","A","Evening",61.7474563857116,21.7,92.4455399062098
2024-01-02 15:20:00,"M7","B","Evening",46.2472910116635,21.1,89.6687882491055
2024-01-02 15:25:00,"M7","B","Evening",83.4551766640182,22.1,195.197495985902
2024-01-02 15:30:00,"M3","A","Evening",73.4120850465737,21.6,118.800643473563
2024-01-02 15:35:00,"M1","A","Evening",75.7146366490271,25.8,112.878185904325
2024-01-02 15:40:00,"M5","B","Evening",37.7846235191003,20.2,72.855078169959
2024-01-02 15:45:00,"M7","B","Evening",64.5836946725634,22.6,113.452792964087
2024-01-02 15:50:00,"M6","B","Evening",59.6274251293077,20.3,94.1028581097243
2024-01-02 15:55:00,"M7","B","Evening",45.803599229652,23.8,84.6723916544357
2024-01-02 16:00:00,"M6","B","Evening",55.4194387247002,24.8,81.7022748970563
2024-01-02 16:05:00,"M1","A","Evening",81.826784135793,22.3,174.000440533231
2024-01-02 16:10:00,"M4","A","Evening",60.4874066000718,24.9,99.0842115500664
2024-01-02 16:15:00,"M2","A","Evening",32.4105952756499,30.2,62.7005589743336
2024-01-02 16:20:00,"M6","B","Evening",33.414621632281,23.4,86.5614837605256
2024-01-02 16:25:00,"M2","A","Evening",50.852223605125,25.3,80.9524720362411
2024-01-02 16:30:00,"M4","A","Evening",61.175739581202,21.3,92.629501290241
2024-01-02 16:35:00,"M1","A","Evening",76.7954802336088,23.7,131.650218565963
2024-01-02 16:40:00,"M4","A","Evening",55.8326649608939,18.5,97.6778327526052
2024-01-02 16:45:00,"M5","B","Evening",49.6316264602298,22.7,281.704066074404
2024-01-02 16:50:00,"M5","B","Evening",42.8321831206431,20.5,67.6166202030153
2024-01-02 16:55:00,"M3","A","Evening",-5,200,31.2367583032888
2024-01-02 17:00:00,"M7","B","Evening",49.6690792602185,21,88.4194109672238
2024-01-02 17:05:00,"M5","B","Evening",93.1802653017914,26.5,352.695555571699
2024-01-02 17:10:00,"M5","B","Evening",50.9291357498606,24,81.1348419641638
2024-01-02 17:15:00,"M3","A","Evening",45.708584022695,22.6,94.8305087795305
2024-01-02 17:20:00,"M1","A","Evening",42.4278103527647,22.6,68.8452180387094
2024-01-02 17:25:00,"M3","A","Evening",41.3888239033101,23.9,79.8540399102843
2024-01-02 17:30:00,"M4","A","Evening",84.2108263311587,25.2,210.71860771103
2024-01-02 17:35:00,"M2","A","Evening",76.7412734380159,25.1,132.293382699777
2024-01-02 17:40:00,"M5","B","Evening",18.2330238554812,21,47.9701711484321
2024-01-02 17:45:00,"M1","A","Evening",66.8261903330219,24.3,115.585569747425
2024-01-02 17:50:00,"M7","B","Evening",43.5632934614397,22.6,70.9314970030011
2024-01-02 17:55:00,"M4","A","Evening",52.6143157099385,27.3,89.7307765287834
2024-01-02 18:00:00,"M6","B","Evening",60.3213432350496,24.6,91.0000292215712
2024-01-02 18:05:00,"M3","A","Evening",81.4870736132969,23.5,182.173329053747
2024-01-02 18:10:00,"M6","B","Evening",73.2621211089433,22.7,126.180676666612
2024-01-02 18:15:00,"M1","A","Evening",51.3646443803885,23.5,92.3479604437963
2024-01-02 18:20:00,"M2","A","Evening",57.5892592172977,27.4,87.866232267301
2024-01-02 18:25:00,"M7","B","Evening",31.2236786413171,20.5,72.6032990861654
2024-01-02 18:30:00,"M6","B","Evening",41.6041457532229,26.7,66.7833453963439
2024-01-02 18:35:00,"M3","A","Evening",NA,24.1,84.2297371826682
2024-01-02 18:40:00,"M3","A","Evening",56.6143315430005,26,96.1190820329693
2024-01-02 18:45:00,"M1","A","Evening",61.4589247603534,22.7,94.5075122441153
2024-01-02 18:50:00,"M2","A","Evening",44.7954528735102,22.6,75.2766324390155
2024-01-02 18:55:00,"M8","B","Evening",69.4272636295219,23.3,123.857443760326
2024-01-02 19:00:00,"M1","A","Evening",41.4614576519517,23.7,66.4496138683731
2024-01-02 19:05:00,"M6","B","Evening",48.1398414141076,22.8,86.9412240410587
2024-01-02 19:10:00,"M2","A","Evening",63.0114712205524,26,106.322101217977
2024-01-02 19:15:00,"M8","B","Evening",38.6098846175264,22.7,66.5758249799884
2024-01-02 19:20:00,"M2","A","Evening",75.2301070807378,19.8,113.729658260861
2024-01-02 19:25:00,"M8","B","Evening",46.428550052298,25,89.9940886477433
2024-01-02 19:30:00,"M2","A","Evening",-5,21.2,39.426977729813
2024-01-02 19:35:00,"M5","B","Evening",57.4908277753528,20,99.4135138771275
2024-01-02 19:40:00,"M4","A","Evening",84.7097349553058,20.5,205.197708805525
2024-01-02 19:45:00,"M6","B","Evening",51.327046209115,19.6,88.1404276424427
2024-01-02 19:50:00,"M4","A","Evening",62.8022004306386,23.2,113.70013828344
2024-01-02 19:55:00,"M5","B","Evening",69.6624221423402,24.5,115.419071312166
2024-01-02 20:00:00,"M4","A","Evening",60.9947659741603,21,97.901521729084
2024-01-02 20:05:00,"M6","B","Evening",40.2678125751459,24.8,72.2167776813341
2024-01-02 20:10:00,"M1","A","Evening",59.0631519183785,24.4,97.1165470213342
2024-01-02 20:15:00,"M8","B","Evening",47.2138670718002,23.4,78.8231438644883
2024-01-02 20:20:00,"M8","B","Evening",31.0636047513317,23.7,74.8781790668947
2024-01-02 20:25:00,"M7","B","Evening",32.3012981277529,21.2,61.1554043987064
2024-01-02 20:30:00,"M2","A","Evening",31.5095752409699,22.4,61.0487765138461
2024-01-02 20:35:00,"M1","A","Evening",95.4249535400883,22.7,403.025444891622
2024-01-02 20:40:00,"M7","B","Evening",64.4121421478052,21.1,106.58322554467
2024-01-02 20:45:00,"M2","A","Evening",NA,20.2,110.477301362552
2024-01-02 20:50:00,"M8","B","Evening",59.6702784704878,20.1,103.113666553398
2024-01-02 20:55:00,"M3","A","Evening",58.8619364931217,21.9,99.3098317649838
2024-01-02 21:00:00,"M2","A","Evening",92.5746955357384,23,341.7718002292
2024-01-02 21:05:00,"M7","B","Evening",-5,24.4,48.8655550934408
2024-01-02 21:10:00,"M3","A","Evening",79.9703435872925,22.7,142.730954616254
2024-01-02 21:15:00,"M1","A","Evening",63.2901021633943,23,114.956046405794
2024-01-02 21:20:00,"M4","A","Evening",56.9764302258049,24.5,95.3624471343369
2024-01-02 21:25:00,"M2","A","Evening",45.9580372356026,25.7,70.2188403634656
2024-01-02 21:30:00,"M3","A","Evening",59.8027620291764,23.2,96.8022225714088
2024-01-02 21:35:00,"M5","B","Evening",83.5391523340935,23.7,187.851411498283
2024-01-02 21:40:00,"M5","B","Evening",46.3424590775415,25.4,63.8777036376368
2024-01-02 21:45:00,"M7","B","Evening",59.8690997691859,21.1,106.710662605312
2024-01-02 21:50:00,"M6","B","Evening",53.4238648970055,28,89.7177097529919
2024-01-02 21:55:00,"M3","A","Evening",50.2424220797317,18.8,103.532152968582
2024-01-02 22:00:00,"M6","B","Night",57.5486322842139,24.3,103.987067712795
2024-01-02 22:05:00,"M6","B","Night",48.5410743413002,22.7,86.6120320843334
2024-01-02 22:10:00,"M2","A","Night",72.1341260331923,24.7,127.407231543769
2024-01-02 22:15:00,"M8","B","Night",54.3777008092241,23.6,98.2456987255529
2024-01-02 22:20:00,"M5","B","Night",50.9008362706739,21.8,97.2255917250076
2024-01-02 22:25:00,"M4","A","Night",64.3146329109407,23.9,106.403214404301
2024-01-02 22:30:00,"M2","A","Night",63.526480610854,21.9,108.526287021973
2024-01-02 22:35:00,"M1","A","Night",42.1319900817891,19.2,68.6294343413718
2024-01-02 22:40:00,"M8","B","Night",90.212731008417,18.2,290.055861641258
2024-01-02 22:45:00,"M4","A","Night",70.8004567561026,19.9,121.79055278484
2024-01-02 22:50:00,"M1","A","Night",52.4772999126535,20.3,84.6948875437147
2024-01-02 22:55:00,"M4","A","Night",88.837390137289,20.3,268.40145618245
2024-01-02 23:00:00,"M5","B","Night",76.7605094871305,19.7,142.327785197018
2024-01-02 23:05:00,"M4","A","Night",NA,18.2,105.895128322526
2024-01-02 23:10:00,"M2","A","Night",64.5179761728329,20.4,104.495036486243
2024-01-02 23:15:00,"M2","A","Night",59.4617779523213,21.3,103.777263765615
2024-01-02 23:20:00,"M4","A","Night",62.1593589976017,19.6,108.54396820096
2024-01-02 23:25:00,"M7","B","Night",63.0613786718664,22.6,114.668583810055
2024-01-02 23:30:00,"M3","A","Night",60.9726240458735,20.3,115.031180491529
2024-01-02 23:35:00,"M5","B","Night",66.1430656897532,15.7,101.570295857806
2024-01-02 23:40:00,"M6","B","Night",59.9035858667807,20.5,94.7037465026053
2024-01-02 23:45:00,"M8","B","Night",81.321257761889,22.6,157.677196455622
2024-01-02 23:50:00,"M8","B","Night",NA,22.1,62.9296650253465
2024-01-02 23:55:00,"M2","A","Night",-5,21.6,41.0478402175847
2024-01-03,"M7","B","Night",68.9035493979081,24,107.261248810679
2024-01-03 00:05:00,"M3","A","Night",74.1562318381797,22.7,118.478537450484
2024-01-03 00:10:00,"M3","A","Night",69.8795878582006,20.1,115.266689330995
2024-01-03 00:15:00,"M3","A","Night",75.3029059981555,20.6,126.669089721268
2024-01-03 00:20:00,"M6","B","Night",55.8940563989062,18.8,96.3108699446739
2024-01-03 00:25:00,"M1","A","Night",62.5419748907968,21.9,108.255092506916
2024-01-03 00:30:00,"M8","B","Night",58.692175825366,20.5,335.451421535029
2024-01-03 00:35:00,"M1","A","Night",76.5242744196318,24.3,129.11339113687
2024-01-03 00:40:00,"M8","B","Night",56.0885064906633,20.9,93.0072255105218
2024-01-03 00:45:00,"M3","A","Nigt",54.0837745422074,23.2,87.209676673242
2024-01-03 00:50:00,"M4","A","Night",58.0438080902941,22.3,93.6807658924609
2024-01-03 00:55:00,"M8","B","Night",57.730123558944,19.8,91.7149658060679
2024-01-03 01:00:00,"M4","A","Night",68.4685230277242,21.2,119.06832289598
2024-01-03 01:05:00,"M5","B","Nigt",58.229699822372,21.7,98.8536178772946
2024-01-03 01:10:00,"M2","A","Night",85.2478938806658,NA,206.700974826225
2024-01-03 01:15:00,"M2","A","Night",48.5273061752801,19.1,79.3858786028465
2024-01-03 01:20:00,"M8","B","Night",77.2809525934832,200,136.907634185554
2024-01-03 01:25:00,"M4","A","Night",59.0207772288912,20,92.7655420966894
2024-01-03 01:30:00,"M7","B","Night",68.2936627968228,19.8,109.278616686884
2024-01-03 01:35:00,"M2","A","Night",56.0868394098552,22.4,88.016671352401
2024-01-03 01:40:00,"M1","A","Night",64.5315264142663,17.6,112.974137148319
2024-01-03 01:45:00,"M4","A","Night",51.4124646517456,22.7,92.282235488889
2024-01-03 01:50:00,"M3","A","Nigt",72.8528366286436,22.7,106.912724960565
2024-01-03 01:55:00,"M1","A","Night",69.0144081368179,20.7,129.361498672938
2024-01-03 02:00:00,"M5","B","Night",75.8564537076365,22.9,137.047279149725
2024-01-03 02:05:00,"M3","A","Night",63.540458778322,21.1,93.244507855997
2024-01-03 02:10:00,"M4","A","Night",45.191611995647,16.7,83.2273199837957
2024-01-03 02:15:00,"M8","B","Night",66.3203012046311,21,120.150775813484
2024-01-03 02:20:00,"M2","A","Night",61.0246208627377,21.9,94.0948695632801
2024-01-03 02:25:00,"M5","B","Night",72.1592208523605,17.7,121.875000440854
2024-01-03 02:30:00,"M5","B","Night",56.5946128993059,20.8,86.4491194765626
2024-01-03 02:35:00,"M2","A","Night",65.2810481437518,22.9,120.979235102158
2024-01-03 02:40:00,"M6","B","Night",47.2302365749883,16.9,76.1027214422824
2024-01-03 02:45:00,"M2","A","Night",62.424624348519,19,109.979205585168
2024-01-03 02:50:00,"M2","A","Nigt",66.0688593934726,21.8,105.113940426844
2024-01-03 02:55:00,"M1","A","Night",75.0876443438497,19.5,126.58347427677
2024-01-03 03:00:00,"M3","A","Night",80.1291988314448,22.8,165.842358537353
2024-01-03 03:05:00,"M7","B","Night",66.9255787241172,22.3,102.022529210638
2024-01-03 03:10:00,"M6","B","Night",58.3960327731231,19.1,104.289827231336
2024-01-03 03:15:00,"M8","B","Night",44.7603322047368,17.4,91.8614528452404
2024-01-03 03:20:00,"M4","A","Nigt",NA,21.3,75.4393260676857
2024-01-03 03:25:00,"M3","A","Night",43.8427011428406,20.7,72.6095044925017
2024-01-03 03:30:00,"M3","A","Night",44.5306087880008,19.5,76.0516473682254
2024-01-03 03:35:00,"M8","B","Night",68.0814710513753,NA,128.744380151549
2024-01-03 03:40:00,"M8","B","Night",33.4937449900851,20.5,58.1218631931771
2024-01-03 03:45:00,"M3","A","Night",38.6988393872819,19.8,69.6715363569865
2024-01-03 03:50:00,"M6","B","Nigt",40.2300872531581,21.5,74.1830594069896
2024-01-03 03:55:00,"M7","B","Night",46.4661125902752,20.2,67.5329896192258
2024-01-03 04:00:00,"M4","A","Night",27.6753105287322,20.6,56.5475020309503
2024-01-03 04:05:00,"M8","B","Night",33.6496079085599,21.6,61.8092859046213
2024-01-03 04:10:00,"M4","A","Night",88.6382927916506,17.5,270.416548643357
2024-01-03 04:15:00,"M3","A","Night",63.3293186009899,19.6,105.603569178113
2024-01-03 04:20:00,"M6","B","Nigt",53.7438649733622,22.7,111.868218836651
2024-01-03 04:25:00,"M8","B","Nigt",72.1152842458557,20.4,108.646720297444
2024-01-03 04:30:00,"M6","B","Night",46.1805667664158,21,74.2173587433284
2024-01-03 04:35:00,"M4","A","Night",60.7161107559282,20.3,102.292930930008
2024-01-03 04:40:00,"M7","B","Night",70.4552188519276,20.6,117.4889916259
2024-01-03 04:45:00,"M2","A","Night",81.2492628710062,18.7,152.610399517851
2024-01-03 04:50:00,"M8","B","Night",NA,17.8,85.8702234818319
2024-01-03 04:55:00,"M3","A","Night",52.2460447203748,20.6,95.4717882925049
2024-01-03 05:00:00,"M8","B","Night",70.2059556786613,19.2,122.425670063003
2024-01-03 05:05:00,"M6","B","Night",84.2988475621055,22.5,202.713973126873
2024-01-03 05:10:00,"M8","B","Night",51.4506936756255,21.6,82.3653754482083
2024-01-03 05:15:00,"M4","A","Night",50.6423535601817,20.3,74.6757026593008
2024-01-03 05:20:00,"M2","A","Night",33.050317101286,19.3,75.7913187806371
2024-01-03 05:25:00,"M1","A","Night",28.6019669697895,22.8,50.3993640336
2024-01-03 05:30:00,"M6","B","Night",38.7117969457125,22.7,60.4469871585858
2024-01-03 05:35:00,"M3","A","Night",60.7932295675715,19.7,104.323245014817
2024-01-03 05:40:00,"M4","A","Night",56.221934647087,20.9,95.0001035441236
2024-01-03 05:45:00,"M1","A","Night",43.6381803147859,19.6,73.9045751621002
2024-01-03 05:50:00,"M1","A","Night",79.5232551957028,22.5,155.041373695628
2024-01-03 05:55:00,"M4","A","Night",92.0830163238411,21,319.518882612303
2024-01-03 06:00:00,"M7","B","Morning",52.1106774227632,24.1,98.931177850382
2024-01-03 06:05:00,"M4","A","Morning",44.249343094094,21.4,332.73792831141
2024-01-03 06:10:00,"M6","B","Morning",70.0256378037996,25.2,133.435276097615
2024-01-03 06:15:00,"M5","B","Morning",60.1559241380405,24.1,97.8934395478759
2024-01-03 06:20:00,"M1","A","Morning",61.0237993548976,21.3,88.0576577534598
2024-01-03 06:25:00,"M8","B","Morning",57.000943015053,200,96.1513374737567
2024-01-03 06:30:00,"M7","B","Morning",4.94370637596705,22.5,34.1647868290314
2024-01-03 06:35:00,"M7","B","Morning",33.1500080281173,20.2,45.8248045485113
2024-01-03 06:40:00,"M4","A","Morning",80.3798456871355,22.3,166.752512176827
2024-01-03 06:45:00,"M7","B","Morning",61.7308742902467,23.7,110.756960755021
2024-01-03 06:50:00,"M5","B","Morning",35.1956009633089,19.5,56.298319022729
2024-01-03 06:55:00,"M6","B","Morning",54.7845896213202,22.7,107.979138496766
2024-01-03 07:00:00,"M6","B","Morning",NA,22.8,101.785837228929
2024-01-03 07:05:00,"M7","B","Morning",49.792140032336,21.1,83.0853257795161
2024-01-03 07:10:00,"M7","B","Morning",64.9302900045695,20.1,97.1562902580394
2024-01-03 07:15:00,"M8","B","Morning",63.6129444131722,21.3,102.9939304929
2024-01-03 07:20:00,"M3","A","Morning",71.5621828027927,22.5,111.357680628454
2024-01-03 07:25:00,"M8","B","Morning",41.4640310518659,22.3,60.5373173418464
2024-01-03 07:30:00,"M7","B","Morning",68.3033574347781,21.1,106.528826531942
2024-01-03 07:35:00,"M2","A","Morning",54.6960853337176,22,98.6163767936501
2024-01-03 07:40:00,"M5","B","Morning",51.1028422326698,22.6,81.5705768214327
2024-01-03 07:45:00,"M7","B","Morning",32.9637580061362,20.6,67.2563590202637
2024-01-03 07:50:00,"M4","A","Morning",69.7298469932104,23,128.966087717506
2024-01-03 07:55:00,"M8","B","Morning",53.7319333371279,19.7,87.956313178108
