Methode,Erfolg
Wasserfall,Herausfordernd
Wasserfall,Herausfordernd
Agile,Erfolgreich
Wasserfall,Herausfordernd
Wasserfall,Herausfordernd
Agile,Erfolgreich
Wasserfall,Erfolgreich
Agile,Erfolgreich
Wasserfall,Herausfordernd
Wasserfall,Herausfordernd
Agile,Erfolgreich
Wasserfall,Herausfordernd
Wasserfall,Erfolgreich
Agile,Erfolgreich
Agile,Erfolgreich
Wasserfall,Erfolgreich
Wasserfall,Herausfordernd
Agile,Herausfordernd
Agile,Erfolgreich
Agile,Erfolgreich
Wasserfall,Herausfordernd
Agile,Erfolgreich
Wasserfall,Herausfordernd
Wasserfall,Erfolgreich
Agile,Erfolgreich
Agile,Erfolgreich
Agile,Erfolgreich
Wasserfall,Herausfordernd
Agile,Erfolgreich
Wasserfall,Herausfordernd
Wasserfall,Herausfordernd
Wasserfall,Herausfordernd
Agile,Erfolgreich
Wasserfall,Herausfordernd
Agile,Herausfordernd
Wasserfall,Erfolgreich
Agile,Erfolgreich
Agile,Erfolgreich
Wasserfall,Erfolgreich
Wasserfall,Erfolgreich
Agile,Erfolgreich
Agile,Herausfordernd
Agile,Erfolgreich
Wasserfall,Erfolgreich
Agile,Erfolgreich
Wasserfall,Erfolgreich
Wasserfall,Herausfordernd
Wasserfall,Herausfordernd
Wasserfall,Erfolgreich
Wasserfall,Erfolgreich
Agile,Erfolgreich
Agile,Erfolgreich
Agile,Erfolgreich
Wasserfall,Erfolgreich
Agile,Erfolgreich
Wasserfall,Herausfordernd
Wasserfall,Herausfordernd
Agile,Erfolgreich
Agile,Herausfordernd
Agile,Herausfordernd
Wasserfall,Erfolgreich
Wasserfall,Erfolgreich
Wasserfall,Herausfordernd
Agile,Erfolgreich
Wasserfall,Herausfordernd
Agile,Erfolgreich
Agile,Erfolgreich
Wasserfall,Herausfordernd
Wasserfall,Erfolgreich
Agile,Herausfordernd
Agile,Erfolgreich
Agile,Erfolgreich
Agile,Herausfordernd
Agile,Herausfordernd
Agile,Erfolgreich
Wasserfall,Herausfordernd
Agile,Erfolgreich
Agile,Herausfordernd
Agile,Erfolgreich
Agile,Herausfordernd
Agile,Erfolgreich
Agile,Erfolgreich
Agile,Herausfordernd
Wasserfall,Erfolgreich
Wasserfall,Herausfordernd
Agile,Erfolgreich
Agile,Herausfordernd
Agile,Erfolgreich
Agile,Erfolgreich
Agile,Erfolgreich
Wasserfall,Erfolgreich
Agile,Erfolgreich
Agile,Herausfordernd
Wasserfall,Erfolgreich
Wasserfall,Herausfordernd
Wasserfall,Erfolgreich
Agile,Herausfordernd
Agile,Erfolgreich
Wasserfall,Erfolgreich
Wasserfall,Herausfordernd
Wasserfall,Erfolgreich
Agile,Erfolgreich
Agile,Erfolgreich
Agile,Herausfordernd
Wasserfall,Erfolgreich
Wasserfall,Erfolgreich
Wasserfall,Herausfordernd
Wasserfall,Herausfordernd
Agile,Herausfordernd
Agile,Erfolgreich
Wasserfall,Erfolgreich
Wasserfall,Erfolgreich
Wasserfall,Herausfordernd
Agile,Erfolgreich
Agile,Erfolgreich
Agile,Erfolgreich
Agile,Erfolgreich
Agile,Erfolgreich
Wasserfall,Herausfordernd
Wasserfall,Erfolgreich
Agile,Herausfordernd
Agile,Herausfordernd
Agile,Herausfordernd
Agile,Erfolgreich
Wasserfall,Herausfordernd
Agile,Erfolgreich
Wasserfall,Herausfordernd
Wasserfall,Herausfordernd
Agile,Erfolgreich
Wasserfall,Erfolgreich
Wasserfall,Herausfordernd
Wasserfall,Erfolgreich
Wasserfall,Erfolgreich
Wasserfall,Erfolgreich
Wasserfall,Herausfordernd
Agile,Erfolgreich
Wasserfall,Herausfordernd
Agile,Erfolgreich
Wasserfall,Erfolgreich
Wasserfall,Erfolgreich
Agile,Erfolgreich
Agile,Herausfordernd
Agile,Erfolgreich
Wasserfall,Erfolgreich
Wasserfall,Erfolgreich
Wasserfall,Herausfordernd
Agile,Erfolgreich
Wasserfall,Erfolgreich
Agile,Erfolgreich
Agile,Erfolgreich
Wasserfall,Herausfordernd
Agile,Erfolgreich
Wasserfall,Herausfordernd
Agile,Erfolgreich
Wasserfall,Herausfordernd
Wasserfall,Herausfordernd
Agile,Herausfordernd
Agile,Erfolgreich
Agile,Herausfordernd
Wasserfall,Erfolgreich
Wasserfall,Erfolgreich
Agile,Erfolgreich
Wasserfall,Herausfordernd
Agile,Erfolgreich
Agile,Erfolgreich
Agile,Erfolgreich
Agile,Erfolgreich
Agile,Erfolgreich
Agile,Erfolgreich
Agile,Herausfordernd
Wasserfall,Herausfordernd
Agile,Erfolgreich
Agile,Herausfordernd
Agile,Erfolgreich
Agile,Erfolgreich
Agile,Erfolgreich
Wasserfall,Erfolgreich
Agile,Erfolgreich
Wasserfall,Erfolgreich
Wasserfall,Erfolgreich
Wasserfall,Erfolgreich
Wasserfall,Erfolgreich
Agile,Erfolgreich
Agile,Erfolgreich
Wasserfall,Erfolgreich
Wasserfall,Herausfordernd
Wasserfall,Herausfordernd
Wasserfall,Erfolgreich
Agile,Erfolgreich
Agile,Erfolgreich
Agile,Erfolgreich
Wasserfall,Herausfordernd
Agile,Erfolgreich
Agile,Herausfordernd
Agile,Herausfordernd
Agile,Erfolgreich
Agile,Erfolgreich
Agile,Erfolgreich
Wasserfall,Erfolgreich
Wasserfall,Herausfordernd
